country,year,ren_share_avg,solar_share_avg,wind_share_avg,ee_installed_gw,solar_installed_gw,wind_installed_gw,total_installed_gw,ee_capacity_share
AT,2014,,,,6.13,0.59,2.12,15.14,40.4887714663144
AT,2015,,,,6.6499999999999995,0.72,2.5,15.23,43.66382140512147
AT,2016,,,,7.16,1.03,2.7,15.999999999999998,44.75000000000001
AT,2017,,,,7.549999999999999,1.19,2.89,16.41,46.00853138330286
AT,2018,,,,7.16,1.19,3.03,15.729999999999999,45.51811824539097
AT,2019,,,,7.4,1.33,3.13,15.239999999999997,48.556430446194234
AT,2020,,,,7.98,1.85,3.2,17.110000000000003,46.639392168322615
AT,2021,67.1860273972603,1.4030136986301371,11.032328767123289,8.95,2.5,3.5,18.009999999999998,49.69461410327596
AT,2022,65.11123287671232,1.6715068493150675,11.597534246575343,10.09,3.27,3.57,18.73,53.87079551521623
AT,2023,83.64630136986302,4.419178082191778,14.146301369863018,14.379999999999999,7.29,4.02,23.16,62.089810017271155
AT,2024,94.73633879781423,10.795081967213116,15.915846994535508,15.370000000000001,8.25,4.04,24.21,63.48616274266832
AT,2025,77.64164383561634,10.406849315068497,14.53479452054793,17.04,9.77,4.14,26.43,64.472190692395
BA,2016,,,,2.17,0.0,0.0,4.05,53.58024691358024
BA,2017,,,,2.2199999999999998,0.0,0.05,4.1,54.146341463414636
BA,2018,,,,2.26,0.0,0.09,4.14,54.589371980676326
BA,2019,,,,0.7999999999999999,0.0,0.09,3.1199999999999997,25.641025641025646
BA,2020,,,,0.85,0.0,0.14,3.17,26.813880126182966
BA,2021,55.044657534246525,,2.6586301369863015,1.5899999999999999,0.0,0.13,3.9199999999999995,40.56122448979592
BA,2022,37.899178082191746,,2.752054794520551,1.5899999999999999,0.0,0.13,3.9099999999999997,40.66496163682864
BA,2023,50.76821917808216,0.10547945205479456,1.3386301369863012,1.6199999999999999,0.03,0.13,3.9399999999999995,41.11675126903553
BA,2024,43.223480662983405,0.8900552486187849,1.646814404432134,2.01,0.24,0.31,4.33,46.420323325635096
BA,2025,40.96986301369865,1.703013698630138,1.7243835616438357,2.12,0.34,0.32,4.4399999999999995,47.74774774774775
BE,2014,,,,5.35,2.82,1.96,19.94,26.83049147442327
BE,2015,,,,5.5,2.95,1.96,19.75,27.848101265822784
BE,2016,,,,6.17,2.95,2.62,20.459999999999997,30.156402737047898
BE,2017,,,,6.71,2.95,3.16,21.09,31.81602655286866
BE,2018,,,,7.79,3.37,3.8,22.3,34.93273542600897
BE,2019,,,,9.21,3.89,4.67,23.89,38.55169526998745
BE,2020,,,,10.34,4.79,4.88,25.529999999999998,40.50137093615355
BE,2021,22.486027397260287,5.783835616438357,12.668219178082193,10.530000000000001,4.79,5.04,25.4,41.45669291338584
BE,2022,25.41150684931506,8.134520547945208,13.386575342465754,12.509999999999998,6.47,5.31,26.61,47.01240135287485
BE,2023,30.32164383561644,9.576712328767119,17.9758904109589,14.829999999999998,8.79,5.31,27.92,53.1160458452722
BE,2024,28.74234972677596,10.744808743169402,15.40054644808744,16.869999999999997,10.7,5.4399999999999995,31.389999999999997,53.743230328129975
BE,2025,31.101643835616454,13.255616438356169,15.33150684931506,18.38,11.68,5.85,31.71,57.962787764112264
BG,2014,,,,2.2300000000000004,0.28,0.36,11.299999999999999,19.734513274336287
BG,2015,,,,3.33,1.04,0.7,12.329999999999998,27.007299270073
BG,2016,,,,3.63,1.05,0.7,11.54,31.455805892547662
BG,2017,,,,3.63,1.05,0.7,11.959999999999999,30.351170568561876
BG,2018,,,,3.64,1.06,0.7,12.219999999999999,29.787234042553195
BG,2019,,,,3.66,1.08,0.7,12.239999999999998,29.90196078431373
BG,2020,,,,3.84,1.25,0.7,12.459999999999999,30.81861958266453
BG,2021,20.91616438356163,3.92164383561644,3.5561643835616428,4.3100000000000005,1.73,0.7,13.04,33.05214723926381
BG,2022,18.99863013698629,4.628219178082192,3.5975342465753397,5.67,3.09,0.7,13.799999999999999,41.08695652173913
BG,2023,22.801643835616424,9.256164383561638,4.13150684931507,7.16,4.57,0.71,15.309999999999999,46.76681907250163
BG,2024,26.840983606557383,14.341530054644819,3.6491803278688533,8.69,6.1,0.72,16.75,51.880597014925364
BG,2025,28.906575342465754,18.074794520547954,3.2857534246575333,9.41,6.82,0.72,17.47,53.863766456783054
CH,2005,,,,11.651000000000002,0.028,0.009,17.388999999999996,67.00212778193114
CH,2006,,,,11.656,0.03,0.012,17.404,66.97310962997012
CH,2007,,,,11.772,0.037,0.012,17.534,67.13813162997604
CH,2008,,,,11.795,0.049,0.012,17.566000000000006,67.14676078788567
CH,2009,,,,11.872000000000002,0.079,0.013,17.68,67.14932126696833
CH,2010,,,,11.984000000000002,0.125,0.018,17.938999999999997,66.80416968615867
CH,2011,,,,12.153,0.223,0.042,18.217,66.7124114837789
CH,2012,,,,12.402999999999999,0.437,0.045,18.444,67.24680112773801
CH,2013,,,,12.739999999999998,0.756,0.049,18.845,67.60413902892013
CH,2014,,,,12.971000000000002,1.061,0.06,19.163999999999998,67.6841995408057
CH,2015,,,,13.361,1.394,0.06,19.537999999999997,68.38468625243117
CH,2016,,,,13.884,1.664,0.06,20.823999999999998,66.67306953515175
CH,2017,,,,14.185999999999998,1.906,0.075,21.568999999999992,65.77031851268025
CH,2018,,,,14.604000000000001,2.173,0.075,22.007000000000005,66.36070341255054
CH,2019,,,,14.959,2.498,0.075,21.983,68.04803711959241
CH,2020,,,,15.445999999999998,2.973,0.087,22.482999999999997,68.70079615709648
CH,2021,63.375342465753405,5.007397260273975,0.22465753424657545,16.151,3.655,0.088,23.2,69.61637931034484
CH,2022,53.08904109589038,6.654246575342464,0.23041095890410992,17.284,4.737,0.088,25.264999999999993,68.410845042549
CH,2023,69.59506849315072,8.444109589041094,0.278356164383562,18.941000000000003,6.375,0.088,27.177,69.69496265224272
CH,2024,87.87841530054648,10.732786885245906,0.2833333333333334,20.805,8.17,0.102,29.03,71.66724078539441
CH,2025,56.48465753424663,12.46493150684931,0.22657534246575356,22.331,9.696,0.102,30.555999999999997,73.08220971331326
CY,2014,,,,0.25,0.08,0.16,1.73,14.450867052023122
CY,2016,,,,0.29000000000000004,0.12,0.16,1.77,16.384180790960453
CY,2017,,,,0.29000000000000004,0.12,0.16,1.77,16.384180790960453
CY,2018,,,,0.32,0.15,0.16,1.7999999999999998,17.777777777777782
CY,2019,,,,0.37,0.2,0.16,1.8499999999999999,20.0
CY,2020,,,,0.42000000000000004,0.25,0.16,1.9,22.10526315789474
CY,2021,5.81301939058172,,5.81301939058172,,,,,
CY,2022,6.720000000000003,,6.720000000000003,,,,,
CY,2024,,,,0.56,0.4,0.16,2.04,27.450980392156865
CY,2025,20.323475609756088,16.458841463414625,3.0557926829268283,,,,,
CZ,2014,,,,2.9699999999999998,2.05,0.27,20.290000000000003,14.637752587481515
CZ,2015,,,,3.3499999999999996,2.07,0.28,20.200000000000003,16.58415841584158
CZ,2016,,,,3.41,2.03,0.28,19.860000000000003,17.170191339375627
CZ,2017,,,,3.45,2.04,0.31,20.51,16.82106289614822
CZ,2018,,,,3.5199999999999996,2.05,0.32,20.490000000000006,17.179111761835035
CZ,2019,,,,3.56,2.06,0.34,20.240000000000006,17.588932806324106
CZ,2020,,,,3.55,2.05,0.34,19.780000000000005,17.947421638018195
CZ,2021,15.60219178082192,3.492054794520549,0.9136986301369857,3.55,2.05,0.34,19.34,18.355739400206826
CZ,2022,15.788219178082201,3.874520547945205,0.9906849315068491,3.6,2.08,0.34,19.299999999999997,18.652849740932645
CZ,2023,17.704657534246568,4.899999999999999,1.167397260273972,5.07,3.55,0.34,20.860000000000003,24.30488974113135
CZ,2024,19.89863387978143,6.8360655737704885,1.1338797814207653,5.97,4.42,0.37,21.800000000000004,27.385321100917427
CZ,2025,20.124931506849325,7.956986301369864,0.9698630136986295,6.890000000000001,5.33,0.38,22.119999999999997,31.148282097649194
DE,2002,,,,17.92,0.29,11.976,115.72,15.485655029381268
DE,2003,,,,20.677000000000003,0.434,14.381,116.893,17.688826533667545
DE,2004,,,,24.052,1.086,16.419,121.72800000000002,19.758806519453202
DE,2005,,,,27.282,2.008,18.248,123.03699999999999,22.173817632094412
DE,2006,,,,31.031,2.851,20.474,126.41000000000001,24.5478996914801
DE,2007,,,,34.453,4.102,22.116,131.195,26.260909333434967
DE,2008,,,,37.535,6.076,22.794,136.123,27.5743261608986
DE,2009,,,,45.488,10.51,25.732,143.687,31.657700418270263
DE,2010,,,,54.873,18.082,26.905,155.67199999999997,35.24911352073591
DE,2011,,,,65.661,26.055,28.775000000000002,167.166,39.27892035461757
DE,2012,,,,74.923,32.909,30.84,177.16399999999996,42.29019439615273
DE,2013,,,,81.255,36.038,33.517,185.163,43.88295717826995
DE,2014,,,,88.83500000000001,37.802,38.669,193.72700000000003,45.85576610384716
DE,2015,,,,96.285,39.217,44.678999999999995,202.56,47.53406398104265
DE,2016,,,,102.875,40.716,49.52,209.75799999999998,49.044613316297834
DE,2017,,,,110.321,42.384,55.697,213.986,51.55524193171516
DE,2018,,,,116.95500000000001,45.387,58.841,220.522,53.03552480024669
DE,2019,,,,123.33699999999999,49.398,60.848,226.46400000000003,54.46207785784936
DE,2020,,,,130.405,54.539,62.288000000000004,237.06799999999998,55.00742403023605
DE,2021,44.828493150684935,9.374246575342461,22.427123287671225,137.855,60.244,63.92,240.928,57.21833908885642
DE,2022,49.62657534246578,11.72739726027397,24.9704109589041,147.751,67.82,66.23,252.98200000000003,58.403759951300884
DE,2023,56.12493150684931,12.411506849315067,30.220547945205478,167.215,83.277,69.486,277.224,60.31764926557586
DE,2024,56.32513661202186,13.539344262295087,28.895628415300553,188.04399999999998,100.759,72.804,301.612,62.346325743007554
DE,2025,56.374520547945195,15.9164383561644,28.035342465753445,210.769,118.009,77.915,334.447,63.02014967991939
DE,2026,,,,221.387,125.541,80.995,352.48299999999995,62.80785172618255
DK,2014,,,,5.64,0.6,4.84,14.929999999999998,37.77628935030141
DK,2015,,,,5.64,0.6,4.84,14.929999999999998,37.77628935030141
DK,2016,,,,5.64,0.6,4.84,14.929999999999998,37.77628935030141
DK,2017,,,,8.82,1.0,6.12,15.85,55.64668769716089
DK,2018,,,,8.86,1.01,6.13,15.86,55.86380832282472
DK,2019,,,,8.98,1.01,6.1000000000000005,15.91,56.44248900062854
DK,2020,,,,9.350000000000001,1.3,6.180000000000001,15.940000000000001,58.65746549560854
DK,2021,63.31479452054799,4.101643835616438,44.0416438356164,10.36,1.54,6.949999999999999,16.66,62.18487394957983
DK,2022,74.68164383561644,6.488767123287678,54.61123287671236,11.09,2.32,7.02,17.16,64.62703962703962
DK,2023,77.21589041095888,10.086027397260281,55.05506849315065,12.990000000000002,3.73,7.51,19.06,68.15320041972718
DK,2024,77.01502732240438,10.807650273224041,54.466939890710364,11.09,3.23,5.640000000000001,15.540000000000001,71.36422136422136
DK,2025,77.79479452054792,12.389315068493161,51.73397260273974,10.98,3.12,5.640000000000001,15.39,71.34502923976608
EE,2014,,,,0.39,0.0,0.31,2.3899999999999997,16.317991631799167
EE,2015,,,,0.46,0.0,0.38,2.6799999999999997,17.164179104477615
EE,2016,,,,0.47,0.0,0.38,2.6899999999999995,17.47211895910781
EE,2017,,,,0.59,0.0,0.49,2.79,21.14695340501792
EE,2018,,,,0.65,0.03,0.46,2.8399999999999994,22.88732394366198
EE,2019,,,,0.61,0.12,0.33,2.8299999999999996,21.554770318021205
EE,2020,,,,0.67,0.16,0.33,2.33,28.75536480686695
EE,2021,20.868219178082207,4.46301369863013,9.337260273972603,0.8300000000000001,0.37,0.33,2.39,34.72803347280335
EE,2022,32.77315068493148,7.524383561643842,8.265753424657532,0.98,0.51,0.32,2.54,38.582677165354326
EE,2023,27.026575342465765,9.915616438356153,10.057260273972595,1.4100000000000001,0.81,0.45,2.8800000000000003,48.95833333333333
EE,2024,35.09480874316941,14.762021857923498,14.168306010928971,2.0,1.17,0.68,3.46,57.80346820809249
EE,2025,37.108493150684914,15.37753424657534,15.723287671232864,2.07,1.23,0.69,3.42,60.526315789473685
ES,2014,,,,48.14,6.54,22.74,102.73,46.86070281319965
ES,2015,,,,49.05,6.5,22.77,104.29999999999998,47.027804410354754
ES,2016,,,,49.17999999999999,6.72,22.81,104.27000000000001,47.16601131677375
ES,2017,,,,49.19,6.72,22.83,103.81000000000002,47.3846450245641
ES,2018,,,,49.370000000000005,6.75,22.96,103.60000000000002,47.654440154440145
ES,2019,,,,52.61,8.47,24.45,106.24000000000002,49.519954819277096
ES,2020,,,,57.94,11.39,26.66,108.27000000000001,53.51436224254179
ES,2021,50.750136986301406,10.547671232876715,24.3531506849315,62.260000000000005,14.64,27.73,111.28,55.9489575844716
ES,2022,50.27945205479454,13.326575342465757,25.119178082191787,64.32,18.52,29.32,109.6,58.686131386861305
ES,2023,57.3208219178082,17.919452054794522,26.73616438356165,70.51,23.87,30.16,115.8,60.889464594127816
ES,2024,62.07704918032789,20.55081967213115,25.511475409836084,76.45,29.05,30.93,120.72,63.328363154406894
ES,2025,60.6101369863013,22.255616438356146,23.411780821917795,88.89,41.43,32.45,132.82,66.92516187321186
FI,2014,,,,2.55,0.0,0.5,13.209999999999997,19.303557910673735
FI,2015,,,,2.6100000000000003,0.0,1.08,12.63,20.665083135391924
FI,2016,,,,3.09,0.0,1.43,13.8,22.391304347826086
FI,2017,,,,3.7199999999999998,0.0,1.91,13.95,26.666666666666668
FI,2018,,,,3.8099999999999996,0.0,2.01,14.1,27.02127659574468
FI,2019,,,,4.01,0.01,2.14,14.120000000000001,28.399433427762037
FI,2020,,,,4.29,0.01,2.42,13.709999999999999,31.2910284463895
FI,2021,34.60465753424657,,9.35013698630137,5.09,0.01,3.18,14.559999999999999,34.95879120879121
FI,2022,37.493972602739746,,13.981369863013693,6.97,0.02,5.12,16.139999999999997,43.184634448574975
FI,2023,44.01452054794521,1.2356164383561654,17.620273972602725,8.35,0.03,6.62,18.880000000000003,44.22669491525423
FI,2024,50.18989071038251,1.6857923497267762,23.355464480874318,10.21,0.05,8.22,20.37,50.1227295041728
FI,2025,51.4167123287671,1.7071232876712346,24.977534246575342,12.79,1.51,9.33,22.810000000000002,56.07189829022358
FR,2014,,,,24.720000000000002,6.19,10.32,110.70999999999998,22.328606268629763
FR,2015,,,,26.9,6.77,11.76,111.01,24.23205116656157
FR,2016,,,,29.63,7.66,13.57,112.94999999999999,26.23284639220894
FR,2017,,,,30.11,7.17,12.52,120.72,24.942014579191518
FR,2018,,,,32.01,8.19,13.61,119.69999999999999,26.741854636591476
FR,2019,,,,36.4,9.44,16.59,123.29,29.52388677102766
FR,2020,,,,37.81,10.21,17.23,122.85,30.777370777370784
FR,2021,23.960000000000015,3.228219178082191,7.559452054794527,42.78,13.15,19.54,129.19999999999996,33.111455108359145
FR,2022,23.46547945205482,4.424109589041095,8.382739726027395,46.1,14.64,21.33,132.12,34.89252194974266
FR,2023,29.746849315068474,5.479726027397256,11.401369863013713,50.69,17.79,22.7,136.73999999999998,37.07035249378382
FR,2024,32.352732240437156,5.860109289617481,10.558469945355196,57.0,22.86,23.94,144.95,39.323904794756814
FR,2025,31.62438356164384,7.568767123287667,11.268219178082198,63.67,28.25,25.200000000000003,151.85000000000002,41.92953572604544
GB,2014,,,,16.759999999999998,1.74,12.9,80.34,20.861339307941247
GB,2015,,,,19.99,3.95,14.15,81.86,24.4197410212558
GB,2016,,,,26.310000000000002,8.57,15.620000000000001,87.77000000000001,29.976073829326648
GB,2017,,,,32.870000000000005,12.56,18.21,96.17,34.179057918269734
GB,2018,,,,40.42,13.35,23.01,103.52,39.04559505409583
GB,2019,,,,41.8,13.37,24.189999999999998,107.81,38.77191355161859
GB,2020,,,,44.09,13.47,26.09,106.94999999999999,41.22487143525013
GB,2021,28.893939393939384,3.850909090909093,17.553939393939388,,,,,
GB,2022,34.24767123287672,,34.24767123287672,,,,,
GB,2023,33.98847352024923,,33.98847352024923,,,,,
GB,2024,29.65874316939888,,29.65874316939888,,,,,
GB,2025,29.61522633744857,,29.61522633744857,,,,,
GR,2014,,,,6.550000000000001,2.43,1.61,17.630000000000003,37.152580828133864
GR,2015,,,,6.77,2.44,1.88,16.85,40.1780415430267
GR,2016,,,,6.77,2.44,1.88,16.69,40.56321150389454
GR,2017,,,,7.119999999999999,2.44,2.23,17.04,41.78403755868544
GR,2018,,,,7.25,2.44,2.36,16.83,43.07783719548426
GR,2019,,,,8.25,2.61,3.15,17.31,47.66031195840555
GR,2020,,,,9.32,3.06,3.76,17.59,52.98465036952814
GR,2021,36.1745205479452,9.397534246575352,18.110136986301363,10.48,3.82,4.15,18.5,56.648648648648646
GR,2022,39.524657534246586,13.073424657534245,19.657260273972593,12.18,5.1,4.55,21.68,56.18081180811808
GR,2023,45.25972602739727,18.02630136986299,20.234246575342475,14.29,6.7,5.07,23.8,60.042016806722685
GR,2024,50.11830601092897,22.705737704918032,22.277322404371592,16.77,9.0,5.22,25.43,65.94573338576485
GR,2025,48.899726027397264,22.85068493150687,21.138904109589056,17.810000000000002,9.8,5.46,26.85,66.33147113594042
HR,2014,,,,1.88,0.04,0.43,4.2,44.76190476190476
HR,2015,,,,1.96,0.05,0.49,4.289999999999999,45.6876456876457
HR,2016,,,,2.02,0.05,0.54,4.359999999999999,46.3302752293578
HR,2017,,,,2.07,0.05,0.58,4.419999999999999,46.832579185520366
HR,2018,,,,2.19,0.05,0.62,4.539999999999999,48.23788546255508
HR,2019,,,,2.33,0.05,0.74,4.679999999999999,49.7863247863248
HR,2020,,,,2.4400000000000004,0.08,0.8,3.8199999999999994,63.874345549738244
HR,2021,52.18657534246573,0.479999999999999,11.441643835616437,2.59,0.1,0.92,3.99,64.91228070175438
HR,2022,43.60164383561644,0.524109589041095,12.76849315068494,2.69,0.14,0.98,4.09,65.77017114914425
HR,2023,58.61917808219176,0.6569863013698629,14.214520547945213,3.07,0.29,1.21,4.61,66.59436008676789
HR,2024,51.45737704918033,1.3199453551912563,14.499180327868856,3.26,0.45,1.24,4.73,68.92177589852008
HR,2025,50.10246575342468,3.0813698630136974,16.892328767123303,3.5,0.62,1.31,5.12,68.359375
HU,2014,,,,0.5,0.01,0.33,8.209999999999999,6.090133982947625
HU,2015,,,,0.6400000000000001,0.03,0.33,8.159999999999998,7.843137254901963
HU,2016,,,,0.6700000000000002,0.07,0.32,8.22,8.150851581508517
HU,2017,,,,0.9400000000000002,0.34,0.32,8.520000000000001,11.032863849765258
HU,2018,,,,1.55,0.94,0.33,9.08,17.070484581497798
HU,2019,,,,2.0,1.41,0.32,9.53,20.986358866736623
HU,2020,,,,2.39,1.83,0.32,9.9,24.141414141414142
HU,2021,10.366027397260268,5.591506849315071,1.4476712328767123,3.08,2.52,0.32,10.56,29.166666666666668
HU,2022,12.026027397260261,7.332876712328764,1.34027397260274,3.86,3.3,0.32,10.32,37.4031007751938
HU,2023,15.100273972602746,11.060273972602745,1.466849315068495,4.7,4.03,0.33,11.200000000000001,41.96428571428571
HU,2024,18.329508196721306,13.819398907103821,1.4876033057851252,8.95,8.28,0.33,15.370000000000001,58.23031880286271
HU,2025,22.699999999999996,16.92164383561646,1.309589041095891,9.42,8.72,0.33,16.36,57.57946210268948
IE,2014,,,,1.91,0.0,1.91,8.66,22.0554272517321
IE,2015,,,,1.92,0.0,1.92,8.67,22.145328719723185
IE,2016,,,,1.94,0.0,1.92,9.61,20.187304890738815
IE,2017,,,,1.94,0.0,1.92,9.61,20.187304890738815
IE,2018,,,,1.94,0.0,1.92,9.61,20.187304890738815
IE,2019,,,,1.94,0.0,1.92,9.61,20.187304890738815
IE,2020,,,,1.94,0.0,1.92,9.61,20.187304890738815
IE,2021,32.59283746556475,,30.424793388429734,1.94,0.0,1.92,9.61,20.187304890738815
IE,2022,35.7378453038674,,33.810497237569066,1.94,0.0,1.92,9.61,20.187304890738815
IE,2023,37.17424657534248,,34.556438356164406,1.94,0.0,1.92,9.61,20.187304890738815
IE,2024,33.87021857923501,,31.920218579234994,,,,,
IE,2025,34.12492997198879,,32.51428571428573,,,,,
IT,2014,,,,21.6,4.98,8.46,91.84000000000002,23.5191637630662
IT,2015,,,,20.22,4.77,8.74,87.32,23.15620705451214
IT,2016,,,,20.55,4.66,9.02,83.30999999999997,24.666906733885497
IT,2017,,,,20.93,4.72,9.26,82.94000000000001,25.235109717868337
IT,2018,,,,20.61,4.72,9.62,83.71999999999998,24.617773530817015
IT,2019,,,,21.970000000000002,4.87,10.22,84.15,26.108140225787285
IT,2020,,,,22.19,4.98,10.3,82.88000000000001,26.773648648648646
IT,2021,32.83589041095892,7.10465753424658,7.332328767123285,22.66,5.14,10.66,82.72999999999999,27.390305814094045
IT,2022,28.411780821917805,7.9698630136986255,7.22027397260274,23.5,5.43,11.229999999999999,85.13999999999999,27.601597369039233
IT,2023,34.683835616438365,8.982191780821912,8.58767123287671,24.560000000000002,5.93,11.68,87.19,28.168367932102306
IT,2024,39.298633879781406,10.176502732240433,8.101639344262294,28.14,8.92,12.26,90.9,30.957095709570954
IT,2025,34.31232876712329,12.559726027397263,7.806849315068495,31.619999999999997,11.87,12.91,96.63,32.72275690779261
LT,2014,,,,0.38000000000000006,0.07,0.28,4.34,8.755760368663596
LT,2015,,,,0.5,0.07,0.37,3.34,14.970059880239523
LT,2016,,,,0.61,0.08,0.43,3.47,17.579250720461093
LT,2017,,,,0.69,0.08,0.51,3.5200000000000005,19.602272727272723
LT,2018,,,,0.7,0.08,0.52,3.47,20.172910662824208
LT,2019,,,,0.73,0.1,0.53,3.56,20.50561797752809
LT,2020,,,,0.81,0.17,0.54,3.69,21.951219512195124
LT,2021,17.77260273972602,1.0863013698630148,10.17506849315069,1.03,0.26,0.67,3.5700000000000003,28.851540616246496
LT,2022,22.748219178082188,2.9704109589041052,12.06356164383561,1.49,0.58,0.81,4.02,37.06467661691543
LT,2023,34.22082191780822,6.014520547945212,20.64301369863015,2.65,1.16,1.29,5.16,51.356589147286826
LT,2024,47.398087431694,12.360928961748632,27.00191256830603,3.67,1.79,1.68,6.18,59.385113268608414
LT,2025,55.20958904109586,15.317534246575349,32.96027397260276,5.72,3.02,2.51,8.29,68.99879372738239
LU,2014,,,,0.13,0.0,0.12,0.22,59.09090909090909
LU,2015,,,,0.13,0.0,0.12,0.22,59.09090909090909
LU,2016,,,,0.13,0.0,0.12,0.22999999999999998,56.52173913043479
LU,2017,,,,0.23,0.1,0.12,0.32999999999999996,69.69696969696972
LU,2018,,,,0.33,0.14,0.15,0.43,76.74418604651163
LU,2019,,,,0.38,0.17,0.15,0.48,79.16666666666667
LU,2020,,,,0.47,0.24,0.17,0.5900000000000001,79.66101694915253
LU,2021,18.21534246575342,3.8391780821917814,5.975616438356164,0.49,0.26,0.17,0.6100000000000001,80.327868852459
LU,2022,19.499452054794514,5.3769863013698656,6.218356164383557,0.51,0.3,0.15,0.6,85.00000000000001
LU,2023,22.23808219178083,5.686575342465752,10.411780821917807,0.72,0.42,0.21,0.81,88.88888888888889
LU,2024,24.21420765027321,6.351092896174862,9.440983606557372,0.8400000000000001,0.54,0.21,0.93,90.3225806451613
LU,2025,26.212054794520547,9.379999999999995,9.639452054794521,1.09,0.77,0.23,1.17,93.16239316239317
LV,2014,,,,0.13,0.0,0.05,1.27,10.236220472440944
LV,2015,,,,0.15000000000000002,0.0,0.05,1.2500000000000002,12.0
LV,2016,,,,0.16,0.0,0.05,1.2800000000000002,12.499999999999996
LV,2017,,,,0.15000000000000002,0.0,0.05,1.2700000000000002,11.811023622047244
LV,2018,,,,0.2,0.01,0.06,1.3100000000000003,15.267175572519081
LV,2019,,,,0.22000000000000003,0.01,0.07,1.25,17.6
LV,2020,,,,0.24,0.01,0.08,1.26,19.047619047619047
LV,2021,44.500273972602756,,1.6879452054794517,0.26,0.01,0.09,1.42,18.30985915492958
LV,2022,45.700547945205464,,2.521095890410959,0.39999999999999997,0.06,0.16,1.5599999999999998,25.641025641025646
LV,2023,63.4556164383561,,3.8671232876712334,0.6100000000000001,0.3,0.14,1.72,35.465116279069775
LV,2024,61.9866120218579,6.157650273224043,3.845628415300549,0.76,0.45,0.14,1.8699999999999999,40.64171122994652
LV,2025,59.490958904109554,10.002191780821919,2.739178082191782,1.43,1.14,0.14,2.58,55.42635658914728
MD,2021,5.547645429362877,,0.07617728531855969,,,,,
MD,2022,5.186027397260275,0.02405063291139237,0.27643835616438317,,,,,
MD,2023,6.979178082191779,0.07589041095890423,0.697534246575343,,,,,
MD,2024,6.146005509641873,0.6090909090909087,1.2765840220385682,,,,,
MD,2025,10.57005494505495,3.3387362637362603,1.9631868131868129,,,,,
ME,2014,,,,0.65,0.0,0.0,0.86,75.5813953488372
ME,2015,,,,0.65,0.0,0.0,0.86,75.5813953488372
ME,2016,,,,0.73,0.0,0.07,0.94,77.65957446808511
ME,2017,,,,0.73,0.0,0.07,1.1500000000000001,63.478260869565204
ME,2018,,,,0.46,0.0,0.12,0.67,68.65671641791045
ME,2019,,,,0.46,0.0,0.12,0.67,68.65671641791045
ME,2020,,,,0.46,0.0,0.12,0.67,68.65671641791045
ME,2021,64.88876712328774,,9.868767123287668,0.46,0.0,0.12,0.67,68.65671641791045
ME,2022,54.01150684931503,,11.44684931506848,0.46,0.0,0.12,0.67,68.65671641791045
ME,2023,73.18109589041093,,11.099178082191786,0.46,0.0,0.12,0.67,68.65671641791045
ME,2024,64.03333333333336,,10.005753424657545,0.46,0.0,0.12,0.67,68.65671641791045
ME,2025,51.312602739726024,,9.99698630136986,0.51,0.0,0.17,0.7200000000000001,70.83333333333333
MK,2015,,,,0.55,0.0,0.04,1.78,30.898876404494384
MK,2016,,,,0.55,0.0,0.04,1.78,30.898876404494384
MK,2017,,,,0.55,0.0,0.04,1.78,30.898876404494384
MK,2018,,,,0.55,0.0,0.04,1.78,30.898876404494384
MK,2019,,,,0.55,0.0,0.04,1.78,30.898876404494384
MK,2020,,,,0.55,0.0,0.04,1.78,30.898876404494384
MK,2021,15.642339832869084,,1.4130919220055727,0.7100000000000001,0.02,0.04,1.94,36.5979381443299
MK,2022,17.421095890410946,,1.7526027397260273,0.7100000000000001,0.02,0.04,1.94,36.5979381443299
MK,2023,21.521643835616448,,1.806027397260274,0.6900000000000001,0.0,0.04,1.92,35.93750000000001
MK,2024,21.156609195402304,,2.022988505747126,0.76,0.07,0.04,1.99,38.19095477386934
MK,2025,18.37985865724381,,1.929681978798587,0.76,0.07,0.04,1.99,38.19095477386934
NL,2014,,,,4.279999999999999,1.0,2.88,33.18,12.89933694996986
NL,2015,,,,6.79,2.13,4.26,33.52,20.256563245823386
NL,2016,,,,7.6000000000000005,2.91,4.2,32.68000000000001,23.25581395348837
NL,2017,,,,7.71,2.58,4.640000000000001,31.939999999999998,24.1390106449593
NL,2018,,,,12.2,7.23,4.49,33.650000000000006,36.25557206537889
NL,2019,,,,18.25,11.11,6.65,39.68,45.9929435483871
NL,2020,,,,23.05,14.82,7.67,46.82,49.23109782144383
NL,2021,13.756986301369869,0.41444444444444395,11.664383561643838,23.25,14.91,7.77,47.040000000000006,49.426020408163254
NL,2022,16.901917808219174,0.5445054945054939,14.497534246575336,36.22,24.3,11.5,60.05,60.31640299750208
NL,2023,20.200821917808216,0.5191780821917801,18.106027397260277,40.1,27.98,11.7,63.86,62.79361102411526
NL,2024,21.446721311475393,0.45193370165745794,19.618306010928954,41.620000000000005,29.28,11.92,65.31,63.72684121880264
NL,2025,21.66657534246574,0.4476712328767111,19.217260273972595,41.620000000000005,29.28,11.92,65.31,63.72684121880264
NO,2014,,,,25.59,0.0,0.63,28.04,91.26248216833096
NO,2015,,,,26.07,0.0,0.69,28.52,91.40953716690042
NO,2016,,,,26.29,0.0,0.9,27.939999999999998,94.09448818897637
NO,2017,,,,27.54,0.0,1.23,29.2,94.31506849315069
NO,2018,,,,28.729999999999997,0.0,2.26,30.39,94.53767686739057
NO,2019,,,,30.400000000000002,0.0,3.87,32.07,94.792641097599
NO,2020,,,,31.79,0.0,5.11,33.71,94.30436072382082
NO,2021,106.58821917808217,,7.687397260273976,31.79,0.0,5.11,33.71,94.30436072382082
NO,2022,108.42027397260263,,11.172602739726031,31.83,0.0,5.13,33.57,94.81680071492403
NO,2023,113.05671232876722,,10.230684931506854,31.810000000000002,0.01,5.13,33.56,94.78545887961859
NO,2024,111.85956284153015,,10.519672131147543,31.880000000000003,0.02,5.14,33.64000000000001,94.7681331747919
NO,2025,113.77205479452054,,9.766301369863019,31.87,0.04,5.14,33.7,94.56973293768546
PL,2014,,,,4.31,0.01,3.76,35.21,12.240840670264127
PL,2015,,,,6.16,0.08,5.49,36.69,16.789315889888254
PL,2016,,,,6.880000000000001,0.19,6.03,36.89,18.650040661425862
PL,2017,,,,6.78,0.23,5.79,39.919999999999995,16.983967935871746
PL,2018,,,,7.249999999999999,0.43,5.81,42.1,17.2209026128266
PL,2019,,,,8.3,1.31,5.95,43.22,19.204072188801483
PL,2020,,,,11.08,3.47,6.57,44.58,24.854194706146256
PL,2021,13.74438356164384,2.7616438356164394,8.795890410958906,15.72,6.66,7.95,49.94000000000001,31.477773327993585
PL,2022,18.376438356164385,5.608219178082192,10.927397260273974,20.75,10.64,8.98,54.89,37.80287848424121
PL,2023,24.289315068493153,8.4213698630137,13.392602739726037,25.32,14.61,9.58,60.76,41.67215273206057
PL,2024,28.42759562841531,11.088797814207656,14.575136612021858,29.23,17.82,10.3,64.18,45.54378311000311
PL,2025,29.664383561643827,12.70520547945205,13.883835616438352,32.6,20.73,10.7,67.93,47.99057853672898
PT,2014,,,,6.7299999999999995,0.22,4.49,14.63,46.00136705399863
PT,2015,,,,6.96,0.25,4.62,15.120000000000001,46.03174603174603
PT,2016,,,,7.41,0.26,5.03,16.450000000000003,45.04559270516717
PT,2017,,,,7.449999999999999,0.27,5.07,16.69,44.637507489514675
PT,2018,,,,7.57,0.32,5.13,16.8,45.05952380952381
PT,2019,,,,7.79,0.41,5.18,16.99,45.85050029429076
PT,2020,,,,7.970000000000001,0.57,5.199999999999999,17.159999999999997,46.445221445221456
PT,2021,56.14958904109586,3.5786301369862996,26.014794520547934,8.58,1.03,5.35,15.959999999999997,53.75939849624061
PT,2022,48.05369863013699,5.156164383561644,25.62356164383561,8.96,1.33,5.35,17.28,51.85185185185185
PT,2023,57.10493150684934,7.291506849315067,25.379726027397258,9.47,1.81,5.35,17.639999999999997,53.68480725623584
PT,2024,66.49153005464477,9.824043715846994,27.346994535519126,10.46,2.59,5.39,18.619999999999997,56.176154672395285
PT,2025,65.54712328767124,11.878904109589037,25.350958904109604,11.13,3.24,5.42,19.25,57.81818181818183
RO,2014,,,,7.889999999999999,1.1,2.9,19.92,39.60843373493975
RO,2015,,,,8.2,1.15,2.94,20.279999999999998,40.433925049309664
RO,2016,,,,8.11,1.21,2.98,20.28,39.99013806706114
RO,2017,,,,8.120000000000001,1.21,2.99,20.370000000000005,39.86254295532646
RO,2018,,,,7.610000000000001,1.15,2.97,16.07,47.355320472930934
RO,2019,,,,7.640000000000001,1.16,2.97,15.710000000000003,48.631444939528954
RO,2020,,,,7.61,1.14,2.96,14.560000000000002,52.26648351648351
RO,2021,42.54191780821914,2.197260273972603,10.561095890410957,7.6,1.16,2.96,13.8,55.07246376811593
RO,2022,40.82712328767121,2.4934246575342462,12.19616438356164,7.619999999999999,1.18,2.96,13.59,56.07064017660044
RO,2023,52.27123287671229,2.839452054794519,13.952328767123289,7.7299999999999995,1.29,2.96,13.18,58.649468892261005
RO,2024,43.00218579234971,4.00737704918033,11.709836065573771,8.09,1.59,3.03,13.739999999999998,58.87918486171762
RO,2025,39.954520547945194,5.292328767123288,10.980273972602747,9.379999999999999,2.79,3.07,14.61,64.20260095824777
RS,2014,,,,0.42,0.0,0.0,6.95,6.043165467625899
RS,2015,,,,0.42,0.0,0.0,7.000000000000001,5.999999999999999
RS,2016,,,,0.4,0.0,0.02,7.1099999999999985,5.6258790436005635
RS,2017,,,,0.4,0.0,0.02,7.139999999999999,5.602240896358544
RS,2018,,,,0.75,0.0,0.4,7.299999999999999,10.273972602739727
RS,2019,,,,0.88,0.0,0.4,7.12,12.359550561797752
RS,2020,,,,0.8999999999999999,0.0,0.43,7.519999999999999,11.96808510638298
RS,2021,32.991232876712324,,,1.0,0.0,0.53,7.82,12.787723785166241
RS,2022,27.59945205479452,,1.9887671232876711,1.02,0.0,0.53,8.34,12.23021582733813
RS,2023,39.53342465753424,,2.755342465753425,1.16,0.03,0.65,8.479999999999999,13.67924528301887
RS,2024,33.808469945355185,,3.2653005464480858,1.29,0.07,0.74,8.72,14.793577981651376
RS,2025,28.304657534246562,,3.960273972602738,1.79,0.19,1.11,9.11,19.648737650933043
SE,2014,,,,19.46,0.0,3.5,37.0,52.594594594594604
SE,2015,,,,21.41,0.0,5.49,38.68000000000001,55.351602895553256
SE,2016,,,,21.9,0.0,5.96,39.02,56.12506406970783
SE,2017,,,,22.2,0.0,6.25,38.669999999999995,57.4088440651668
SE,2018,,,,23.810000000000002,0.0,7.51,40.839999999999996,58.30068560235064
SE,2019,,,,25.97,0.0,9.65,42.51,61.09150788049871
SE,2020,,,,26.349999999999998,0.0,10.02,41.2,63.95631067961164
SE,2021,73.34356164383557,0.0002808988764044944,19.47808219178083,28.4,0.0,12.1,43.7,64.98855835240273
SE,2022,79.32273972602735,0.8099378881987589,24.95452054794522,31.0,0.0,14.7,46.900000000000006,66.09808102345414
SE,2023,77.91589041095887,1.2052631578947386,26.312328767123287,36.2,3.2,16.7,49.7,72.83702213279678
SE,2024,81.82677595628408,1.7369014084507062,30.455191256830613,39.4,5.0,18.0,53.0,74.33962264150942
SE,2025,85.08821917808214,2.030136986301371,29.8772602739726,39.4,5.0,18.0,53.0,74.33962264150942
SI,2014,,,,0.28,0.26,0.0,2.92,9.589041095890412
SI,2015,,,,0.28,0.26,0.0,2.6100000000000003,10.727969348659004
SI,2016,,,,0.29000000000000004,0.27,0.0,2.6800000000000006,10.820895522388058
SI,2017,,,,0.30000000000000004,0.28,0.0,2.6900000000000004,11.152416356877323
SI,2018,,,,0.30000000000000004,0.28,0.0,2.6900000000000004,11.152416356877323
SI,2019,,,,0.30000000000000004,0.28,0.0,2.8,10.714285714285717
SI,2020,,,,0.48000000000000004,0.46,0.0,2.89,16.60899653979239
SI,2021,36.32383561643835,1.9808219178082183,0.024376731301939014,0.48000000000000004,0.46,0.0,2.89,16.60899653979239
SI,2022,26.08,2.078356164383563,0.024861878453038635,0.71,0.7,0.0,3.49,20.343839541547275
SI,2023,44.91945205479452,2.8038356164383567,0.03565459610027847,1.1500000000000001,1.11,0.0,4.05,28.395061728395067
SI,2024,48.04562841530053,4.590710382513663,0.04710743801652887,1.44,1.41,0.0,4.34,33.17972350230415
SI,2025,39.58109589041096,6.729589041095888,0.053571428571428534,1.6300000000000001,1.58,0.0,4.23,38.53427895981088
SK,2014,,,,1.21,0.53,0.0,6.9,17.53623188405797
SK,2015,,,,1.17,0.53,0.0,6.650000000000001,17.59398496240601
SK,2016,,,,1.17,0.53,0.0,6.520000000000001,17.944785276073617
SK,2017,,,,1.17,0.53,0.0,6.520000000000001,17.944785276073617
SK,2018,,,,1.1600000000000001,0.53,0.0,6.51,17.818740399385565
SK,2019,,,,1.17,0.53,0.0,6.510000000000001,17.972350230414744
SK,2020,,,,1.1800000000000002,0.53,0.0,6.569999999999999,17.960426179604266
SK,2021,20.923561643835612,1.7682191780821912,0.0028328611898016994,,,,,
SK,2022,19.64986301369864,1.9673972602739733,0.0002754820936639119,,,,,
SK,2023,24.896164383561644,2.0035616438356176,0.0017123287671232876,,,,,
SK,2024,26.075956284152998,2.212021857923499,0.006406685236768804,,,,,
SK,2025,19.526027397260272,2.3219178082191783,0.00414364640883978,,,,,
UA,2019,,,,11.31,5.36,1.11,54.589999999999996,20.71808023447518
UA,2020,,,,11.31,5.36,1.11,54.589999999999996,20.71808023447518
UA,2021,3.384109589041093,0.8564383561643834,1.043287671232877,11.31,5.36,1.11,54.589999999999996,20.71808023447518
UA,2022,9.469642857142857,1.6107142857142855,3.2410714285714293,4.64,0.0,0.0,20.44,22.700587084148722
XK,2020,,,,0.07,0.0,0.03,1.36,5.147058823529412
XK,2021,0.9552238805970138,,0.8552238805970149,0.18000000000000002,0.0,0.14,1.4700000000000002,12.244897959183673
XK,2022,4.3413698630137,,3.893150684931505,0.18000000000000002,0.0,0.14,1.4700000000000002,12.244897959183673
XK,2023,6.074712643678161,,5.6678160919540215,,,,,
