country,year,month,type,pct
GR,2021,1,ren,43.83548387096774
GR,2021,2,ren,46.87500000000001
GR,2021,3,ren,33.13548387096774
GR,2021,4,ren,33.66333333333333
GR,2021,5,ren,38.3258064516129
GR,2021,6,ren,27.086666666666666
GR,2021,7,ren,31.28709677419355
GR,2021,8,ren,30.62903225806451
GR,2021,9,ren,34.68666666666666
GR,2021,10,ren,38.44838709677419
GR,2021,11,ren,32.24666666666666
GR,2021,12,ren,44.36129032258064
GR,2021,1,solar,4.770967741935484
GR,2021,2,solar,7.2821428571428575
GR,2021,3,solar,9.64516129032258
GR,2021,4,solar,11.993333333333336
GR,2021,5,solar,15.203225806451613
GR,2021,6,solar,12.996666666666666
GR,2021,7,solar,10.545161290322582
GR,2021,8,solar,10.874193548387098
GR,2021,9,solar,11.020000000000001
GR,2021,10,solar,7.951612903225806
GR,2021,11,solar,5.383333333333335
GR,2021,12,solar,5.02258064516129
GR,2021,1,wind,24.841935483870973
GR,2021,2,wind,20.125
GR,2021,3,wind,17.580645161290324
GR,2021,4,wind,16.88
GR,2021,5,wind,15.838709677419354
GR,2021,6,wind,7.039999999999998
GR,2021,7,wind,13.035483870967742
GR,2021,8,wind,12.345161290322581
GR,2021,9,wind,18.423333333333336
GR,2021,10,wind,25.32903225806452
GR,2021,11,wind,21.723333333333333
GR,2021,12,wind,24.083870967741934
GR,2022,1,ren,37.5258064516129
GR,2022,2,ren,31.721428571428564
GR,2022,3,ren,35.93548387096775
GR,2022,4,ren,43.730000000000004
GR,2022,5,ren,40.36451612903225
GR,2022,6,ren,41.20666666666667
GR,2022,7,ren,44.241935483870975
GR,2022,8,ren,37.690322580645166
GR,2022,9,ren,39.72000000000001
GR,2022,10,ren,50.76129032258065
GR,2022,11,ren,40.21666666666666
GR,2022,12,ren,30.645161290322584
GR,2022,1,solar,6.380645161290322
GR,2022,2,solar,8.52142857142857
GR,2022,3,solar,10.406451612903224
GR,2022,4,solar,16.56333333333333
GR,2022,5,solar,18.525806451612898
GR,2022,6,solar,16.416666666666668
GR,2022,7,solar,16.48064516129032
GR,2022,8,solar,14.95483870967742
GR,2022,9,solar,16.746666666666666
GR,2022,10,solar,16.5258064516129
GR,2022,11,solar,8.633333333333333
GR,2022,12,solar,6.480645161290321
GR,2022,1,wind,17.92258064516129
GR,2022,2,wind,18.839285714285715
GR,2022,3,wind,18.96774193548388
GR,2022,4,wind,21.756666666666668
GR,2022,5,wind,14.987096774193551
GR,2022,6,wind,17.51666666666667
GR,2022,7,wind,20.27741935483871
GR,2022,8,wind,14.580645161290322
GR,2022,9,wind,16.863333333333333
GR,2022,10,wind,29.52903225806452
GR,2022,11,wind,26.85
GR,2022,12,wind,17.858064516129033
GR,2023,1,ren,36.05483870967742
GR,2023,2,ren,40.74642857142857
GR,2023,3,ren,43.37096774193548
GR,2023,4,ren,42.376666666666665
GR,2023,5,ren,45.76451612903226
GR,2023,6,ren,42.22666666666665
GR,2023,7,ren,39.07096774193548
GR,2023,8,ren,51.69032258064515
GR,2023,9,ren,55.8
GR,2023,10,ren,50.94838709677419
GR,2023,11,ren,49.27333333333333
GR,2023,12,ren,45.63548387096776
GR,2023,1,solar,9.32258064516129
GR,2023,2,solar,13.135714285714286
GR,2023,3,solar,16.89032258064516
GR,2023,4,solar,19.623333333333335
GR,2023,5,solar,19.361290322580643
GR,2023,6,solar,22.62
GR,2023,7,solar,21.680645161290325
GR,2023,8,solar,23.04516129032258
GR,2023,9,solar,22.61666666666667
GR,2023,10,solar,21.670967741935485
GR,2023,11,solar,14.333333333333332
GR,2023,12,solar,11.770967741935483
GR,2023,1,wind,19.24838709677419
GR,2023,2,wind,21.250000000000004
GR,2023,3,wind,22.551612903225813
GR,2023,4,wind,18.503333333333334
GR,2023,5,wind,22.212903225806446
GR,2023,6,wind,11.876666666666667
GR,2023,7,wind,10.541935483870967
GR,2023,8,wind,21.03870967741935
GR,2023,9,wind,25.296666666666663
GR,2023,10,wind,18.822580645161295
GR,2023,11,wind,28.583333333333332
GR,2023,12,wind,23.090322580645164
GR,2024,1,ren,50.39677419354838
GR,2024,2,ren,46.95862068965518
GR,2024,3,ren,47.303225806451614
GR,2024,4,ren,61.10666666666667
GR,2024,5,ren,53.37419354838709
GR,2024,6,ren,48.37333333333334
GR,2024,7,ren,48.34193548387097
GR,2024,8,ren,47.58064516129032
GR,2024,9,ren,45.790000000000006
GR,2024,10,ren,58.50967741935483
GR,2024,11,ren,48.96333333333334
GR,2024,12,ren,44.63870967741935
GR,2024,1,solar,12.141935483870967
GR,2024,2,solar,16.59655172413793
GR,2024,3,solar,23.016129032258068
GR,2024,4,solar,28.096666666666668
GR,2024,5,solar,27.974193548387095
GR,2024,6,solar,25.736666666666668
GR,2024,7,solar,23.906451612903226
GR,2024,8,solar,26.24193548387096
GR,2024,9,solar,27.546666666666678
GR,2024,10,solar,28.60322580645162
GR,2024,11,solar,18.46666666666666
GR,2024,12,solar,14.038709677419353
GR,2024,1,wind,31.374193548387098
GR,2024,2,wind,24.662068965517243
GR,2024,3,wind,18.951612903225804
GR,2024,4,wind,27.646666666666665
GR,2024,5,wind,19.603225806451615
GR,2024,6,wind,16.28666666666667
GR,2024,7,wind,18.219354838709677
GR,2024,8,wind,14.887096774193548
GR,2024,9,wind,13.823333333333332
GR,2024,10,wind,27.293548387096777
GR,2024,11,wind,27.980000000000004
GR,2024,12,wind,26.64516129032258
GR,2025,1,ren,40.85161290322581
GR,2025,2,ren,39.44642857142857
GR,2025,3,ren,55.883870967741935
GR,2025,4,ren,46.97
GR,2025,5,ren,53.53225806451612
GR,2025,6,ren,50.660000000000004
GR,2025,7,ren,47.751612903225805
GR,2025,8,ren,58.08709677419356
GR,2025,9,ren,54.35999999999999
GR,2025,10,ren,45.480645161290326
GR,2025,11,ren,52.699999999999996
GR,2025,12,ren,40.45161290322581
GR,2025,1,solar,16.396774193548385
GR,2025,2,solar,16.41428571428571
GR,2025,3,solar,26.800000000000008
GR,2025,4,solar,24.809999999999995
GR,2025,5,solar,27.645161290322577
GR,2025,6,solar,27.84
GR,2025,7,solar,26.535483870967745
GR,2025,8,solar,28.51290322580645
GR,2025,9,solar,27.70333333333333
GR,2025,10,solar,21.225806451612907
GR,2025,11,solar,16.1
GR,2025,12,solar,13.764516129032259
GR,2025,1,wind,19.332258064516125
GR,2025,2,wind,18.63214285714286
GR,2025,3,wind,26.187096774193556
GR,2025,4,wind,19.076666666666668
GR,2025,5,wind,21.267741935483876
GR,2025,6,wind,17.18
GR,2025,7,wind,15.483870967741936
GR,2025,8,wind,24.487096774193553
GR,2025,9,wind,21.756666666666664
GR,2025,10,wind,19.738709677419354
GR,2025,11,wind,30.456666666666667
GR,2025,12,wind,19.951612903225808
